Claudia;Rivera;74;claudia.rivera1@example.com;3596
Miguel;Rivera;80;miguel.rivera2@example.com;9445
Pedro;Ramírez;66;pedro.ramírez3@example.com;4759
Andrés;Mendoza;54;andrés.mendoza4@example.com;7321
María;Rodríguez;53;maría.rodríguez5@example.com;2569
Fernando;Castro;57;fernando.castro6@example.com;9756
Raúl;Sánchez;43;raúl.sánchez7@example.com;8441
Lucía;Martínez;64;lucía.martínez8@example.com;5409
Pedro;Morales;88;pedro.morales9@example.com;9007
Andrés;Rojas;67;andrés.rojas10@example.com;6788
Diego;Flores;64;diego.flores11@example.com;3687
Carlos;Rodríguez;49;carlos.rodríguez12@example.com;8970
Miguel;Ruiz;29;miguel.ruiz13@example.com;1783
Diego;Rojas;32;diego.rojas14@example.com;6886
Carlos;Morales;51;carlos.morales15@example.com;2576
Pedro;Morales;33;pedro.morales16@example.com;4109
Fernando;Ruiz;50;fernando.ruiz17@example.com;5774
Raúl;Ruiz;48;raúl.ruiz18@example.com;8619
Claudia;Rojas;33;claudia.rojas19@example.com;3591
Carlos;Romero;56;carlos.romero20@example.com;8145
Elena;Torres;43;elena.torres21@example.com;8379
Sofia;Rivera;43;sofia.rivera22@example.com;3040
Pedro;Castro;46;pedro.castro23@example.com;8888
Diego;Ortiz;93;diego.ortiz24@example.com;1298
María;Rodríguez;24;maría.rodríguez25@example.com;4021
Sofia;Romero;88;sofia.romero26@example.com;9780
Miguel;Gonzalez;56;miguel.gonzalez27@example.com;7621
Pedro;Flores;43;pedro.flores28@example.com;2330
Carlos;Vargas;76;carlos.vargas29@example.com;5001
Laura;Sánchez;33;laura.sánchez30@example.com;4826
Sofia;Rojas;42;sofia.rojas31@example.com;2065
Raúl;Hernández;95;raúl.hernández32@example.com;6873
Carlos;Torres;18;carlos.torres33@example.com;6387
Sofia;Ortiz;64;sofia.ortiz34@example.com;4566
Elena;Ortiz;66;elena.ortiz35@example.com;8564
Diego;Torres;54;diego.torres36@example.com;4027
Isabel;Ortiz;78;isabel.ortiz37@example.com;6727
Sofia;Martínez;53;sofia.martínez38@example.com;9913
Isabel;Rodríguez;56;isabel.rodríguez39@example.com;5160
Ana;Hernández;27;ana.hernández40@example.com;1605
Raúl;Rivera;94;raúl.rivera41@example.com;1370
Elena;García;84;elena.garcía42@example.com;5207
Andrés;Martínez;99;andrés.martínez43@example.com;6229
María;Romero;47;maría.romero44@example.com;5032
Ana;Ortiz;84;ana.ortiz45@example.com;3620
Andrés;García;26;andrés.garcía46@example.com;3034
Pedro;Martínez;47;pedro.martínez47@example.com;6402
Miguel;Pérez;90;miguel.pérez48@example.com;1654
Juan;García;28;juan.garcía49@example.com;3643
Juan;Castro;64;juan.castro50@example.com;6457
Miguel;Ortiz;57;miguel.ortiz51@example.com;4498
Teresa;Mendoza;68;teresa.mendoza52@example.com;6960
Sofia;Mendoza;46;sofia.mendoza53@example.com;9684
Pedro;Torres;63;pedro.torres54@example.com;8330
Lucía;López;23;lucía.lópez55@example.com;5146
Claudia;Flores;31;claudia.flores56@example.com;5524
Carlos;Romero;32;carlos.romero57@example.com;8680
Andrés;García;18;andrés.garcía58@example.com;6167
Diego;Castro;81;diego.castro59@example.com;1835
Teresa;Morales;64;teresa.morales60@example.com;8377
Elena;Martínez;28;elena.martínez61@example.com;1980
Claudia;Gonzalez;84;claudia.gonzalez62@example.com;8614
Diego;López;97;diego.lópez63@example.com;2660
Laura;Vargas;78;laura.vargas64@example.com;7347
María;Ortiz;78;maría.ortiz65@example.com;8335
Pedro;Mendoza;63;pedro.mendoza66@example.com;5149
Laura;Castro;38;laura.castro67@example.com;8928
Isabel;Ramírez;30;isabel.ramírez68@example.com;8907
Elena;Hernández;51;elena.hernández69@example.com;6710
Claudia;Rojas;79;claudia.rojas70@example.com;8930
Elena;Gonzalez;61;elena.gonzalez71@example.com;7957
Laura;García;56;laura.garcía72@example.com;4410
Isabel;Ruiz;77;isabel.ruiz73@example.com;6533
Luis;Mendoza;29;luis.mendoza74@example.com;8894
Elena;Romero;56;elena.romero75@example.com;3013
Elena;García;87;elena.garcía76@example.com;8416
María;Rivera;51;maría.rivera77@example.com;8750
Andrés;Vargas;87;andrés.vargas78@example.com;3521
Lucía;Torres;46;lucía.torres79@example.com;8752
María;Sánchez;96;maría.sánchez80@example.com;7098
Teresa;Hernández;64;teresa.hernández81@example.com;9127
Diego;Flores;28;diego.flores82@example.com;6438
Raúl;Ortiz;72;raúl.ortiz83@example.com;3489
Carlos;Martínez;18;carlos.martínez84@example.com;6250
Lucía;Ortiz;54;lucía.ortiz85@example.com;6043
Ana;Torres;60;ana.torres86@example.com;6023
Luis;Mendoza;28;luis.mendoza87@example.com;9884
Teresa;Martínez;95;teresa.martínez88@example.com;9494
Julian;Rivera;54;julian.rivera89@example.com;4850
Claudia;Romero;52;claudia.romero90@example.com;7386
Andrés;Morales;73;andrés.morales91@example.com;5113
Miguel;López;42;miguel.lópez92@example.com;9864
Miguel;Castro;96;miguel.castro93@example.com;9369
Fernando;Ruiz;28;fernando.ruiz94@example.com;5880
Antonio;Rojas;21;antonio.rojas95@example.com;5572
Laura;Sánchez;85;laura.sánchez96@example.com;5699
Claudia;Torres;55;claudia.torres97@example.com;3780
Raúl;Hernández;71;raúl.hernández98@example.com;5997
Raúl;Ortiz;95;raúl.ortiz99@example.com;7776
Sofia;Torres;96;sofia.torres100@example.com;9074
Laura;Castro;82;laura.castro101@example.com;5725
Fernando;Ramírez;45;fernando.ramírez102@example.com;3057
Juan;García;54;juan.garcía103@example.com;2216
Diego;Gonzalez;35;diego.gonzalez104@example.com;9938
Antonio;Ramírez;66;antonio.ramírez105@example.com;4108
Julian;Torres;88;julian.torres106@example.com;5239
Isabel;Morales;77;isabel.morales107@example.com;4714
Claudia;Ramírez;57;claudia.ramírez108@example.com;6621
María;Castro;90;maría.castro109@example.com;4114
Carlos;Ortiz;56;carlos.ortiz110@example.com;4494
Elena;Mendoza;44;elena.mendoza111@example.com;6545
Isabel;Vargas;22;isabel.vargas112@example.com;1137
Pedro;Castro;96;pedro.castro113@example.com;2291
Elena;Ramírez;98;elena.ramírez114@example.com;1665
Ana;Ruiz;30;ana.ruiz115@example.com;8847
Laura;Sánchez;93;laura.sánchez116@example.com;1679
Teresa;Ortiz;35;teresa.ortiz117@example.com;9391
Laura;Castro;50;laura.castro118@example.com;2067
Miguel;Castro;66;miguel.castro119@example.com;5044
Raúl;Ortiz;97;raúl.ortiz120@example.com;6083
Miguel;Torres;36;miguel.torres121@example.com;9954
Luis;Rodríguez;85;luis.rodríguez122@example.com;2892
Elena;Rivera;18;elena.rivera123@example.com;9924
Andrés;Martínez;25;andrés.martínez124@example.com;6430
Elena;Martínez;99;elena.martínez125@example.com;4908
Andrés;Rivera;94;andrés.rivera126@example.com;8679
Sofia;Gonzalez;35;sofia.gonzalez127@example.com;5102
María;Romero;89;maría.romero128@example.com;3246
Luis;Ruiz;48;luis.ruiz129@example.com;4695
Fernando;Castro;26;fernando.castro130@example.com;5864
Juan;Rivera;93;juan.rivera131@example.com;6345
Ana;García;39;ana.garcía132@example.com;7422
Diego;Hernández;51;diego.hernández133@example.com;1266
Juan;Mendoza;20;juan.mendoza134@example.com;1407
Teresa;Castro;75;teresa.castro135@example.com;5573
Sofia;Martínez;96;sofia.martínez136@example.com;3060
Julian;Ramírez;59;julian.ramírez137@example.com;3469
Luis;Hernández;22;luis.hernández138@example.com;9173
Claudia;Sánchez;51;claudia.sánchez139@example.com;3090
María;Ortiz;28;maría.ortiz140@example.com;6134
Claudia;Mendoza;94;claudia.mendoza141@example.com;6000
Elena;Romero;88;elena.romero142@example.com;7271
Pedro;Torres;34;pedro.torres143@example.com;7331
Lucía;Vargas;73;lucía.vargas144@example.com;5082
Claudia;Romero;73;claudia.romero145@example.com;6087
Teresa;Hernández;69;teresa.hernández146@example.com;8484
Lucía;Sánchez;93;lucía.sánchez147@example.com;2941
Ana;Rojas;87;ana.rojas148@example.com;3551
Antonio;López;48;antonio.lópez149@example.com;7914
Claudia;Sánchez;50;claudia.sánchez150@example.com;1122
Andrés;Torres;52;andrés.torres151@example.com;4088
Laura;Flores;31;laura.flores152@example.com;1019
Carlos;Vargas;56;carlos.vargas153@example.com;9309
Raúl;Ortiz;60;raúl.ortiz154@example.com;3901
Raúl;Vargas;78;raúl.vargas155@example.com;8542
Teresa;Morales;97;teresa.morales156@example.com;7454
Teresa;Morales;22;teresa.morales157@example.com;1035
Raúl;Mendoza;79;raúl.mendoza158@example.com;2319
Diego;Torres;98;diego.torres159@example.com;6538
Elena;Ruiz;74;elena.ruiz160@example.com;4692
Luis;Ruiz;72;luis.ruiz161@example.com;3920
Isabel;Rivera;47;isabel.rivera162@example.com;5503
Elena;Rodríguez;66;elena.rodríguez163@example.com;3300
Carlos;Romero;32;carlos.romero164@example.com;7352
Antonio;Pérez;51;antonio.pérez165@example.com;8225
Julian;Rojas;24;julian.rojas166@example.com;6446
María;Rodríguez;85;maría.rodríguez167@example.com;4945
Raúl;Ruiz;76;raúl.ruiz168@example.com;5975
Laura;Vargas;22;laura.vargas169@example.com;1297
Miguel;Martínez;20;miguel.martínez170@example.com;1380
María;Gonzalez;70;maría.gonzalez171@example.com;4145
Elena;Pérez;46;elena.pérez172@example.com;2124
Laura;Rivera;97;laura.rivera173@example.com;1720
Julian;Martínez;77;julian.martínez174@example.com;3111
Ana;Rodríguez;90;ana.rodríguez175@example.com;5891
Ana;Hernández;96;ana.hernández176@example.com;4797
Ana;Rojas;29;ana.rojas177@example.com;1481
Pedro;Gonzalez;33;pedro.gonzalez178@example.com;4451
Isabel;Gonzalez;50;isabel.gonzalez179@example.com;3703
Sofia;Castro;82;sofia.castro180@example.com;6467
Raúl;Rodríguez;24;raúl.rodríguez181@example.com;9348
Fernando;Torres;49;fernando.torres182@example.com;7479
Pedro;Ramírez;67;pedro.ramírez183@example.com;4636
Juan;Ortiz;33;juan.ortiz184@example.com;9340
Fernando;Hernández;91;fernando.hernández185@example.com;3619
Lucía;Vargas;25;lucía.vargas186@example.com;6830
Ana;Martínez;99;ana.martínez187@example.com;9979
Pedro;García;32;pedro.garcía188@example.com;7478
Andrés;Gonzalez;61;andrés.gonzalez189@example.com;4909
Teresa;Romero;54;teresa.romero190@example.com;4378
Raúl;Pérez;82;raúl.pérez191@example.com;3424
Miguel;Rivera;28;miguel.rivera192@example.com;4920
Julian;Morales;63;julian.morales193@example.com;9175
Lucía;Rivera;71;lucía.rivera194@example.com;2317
Carlos;Sánchez;76;carlos.sánchez195@example.com;5133
Laura;Gonzalez;25;laura.gonzalez196@example.com;7270
Claudia;Romero;31;claudia.romero197@example.com;4189
Lucía;López;89;lucía.lópez198@example.com;7596
Diego;García;77;diego.garcía199@example.com;8874
Sofia;Mendoza;55;sofia.mendoza200@example.com;3583
Diego;Gonzalez;84;diego.gonzalez201@example.com;9248
Laura;López;68;laura.lópez202@example.com;3467
Claudia;García;84;claudia.garcía203@example.com;9221
Elena;Castro;83;elena.castro204@example.com;9561
Carlos;Mendoza;54;carlos.mendoza205@example.com;3731
Carlos;Mendoza;63;carlos.mendoza206@example.com;4875
Teresa;Rodríguez;74;teresa.rodríguez207@example.com;2833
Sofia;Flores;71;sofia.flores208@example.com;7242
Claudia;Mendoza;59;claudia.mendoza209@example.com;1927
Antonio;García;41;antonio.garcía210@example.com;6394
Fernando;Rodríguez;57;fernando.rodríguez211@example.com;5269
Diego;Castro;24;diego.castro212@example.com;6657
Carlos;Rodríguez;69;carlos.rodríguez213@example.com;6603
Isabel;Ruiz;43;isabel.ruiz214@example.com;4265
Juan;Torres;80;juan.torres215@example.com;8509
Elena;Pérez;49;elena.pérez216@example.com;4687
Diego;Hernández;44;diego.hernández217@example.com;3190
Miguel;Romero;94;miguel.romero218@example.com;9451
Pedro;Sánchez;37;pedro.sánchez219@example.com;5010
Andrés;Rivera;89;andrés.rivera220@example.com;3036
Diego;Pérez;66;diego.pérez221@example.com;4103
Laura;Rojas;33;laura.rojas222@example.com;8285
Isabel;Torres;80;isabel.torres223@example.com;1323
Julian;Flores;84;julian.flores224@example.com;8692
Pedro;Flores;57;pedro.flores225@example.com;5762
Laura;García;92;laura.garcía226@example.com;1681
Isabel;Rivera;24;isabel.rivera227@example.com;2507
Isabel;Ruiz;83;isabel.ruiz228@example.com;4724
Julian;Ramírez;42;julian.ramírez229@example.com;8519
Andrés;Mendoza;42;andrés.mendoza230@example.com;3938
Miguel;Gonzalez;80;miguel.gonzalez231@example.com;1042
Elena;Ruiz;58;elena.ruiz232@example.com;3801
Pedro;Mendoza;24;pedro.mendoza233@example.com;3747
Claudia;Torres;36;claudia.torres234@example.com;8257
Juan;López;91;juan.lópez235@example.com;6383
Juan;Torres;93;juan.torres236@example.com;4788
Julian;Vargas;65;julian.vargas237@example.com;3804
Pedro;Romero;52;pedro.romero238@example.com;7288
Andrés;Morales;32;andrés.morales239@example.com;9328
Diego;Pérez;56;diego.pérez240@example.com;9333
Andrés;Martínez;21;andrés.martínez241@example.com;8860
Claudia;Vargas;52;claudia.vargas242@example.com;9183
Julian;Romero;80;julian.romero243@example.com;2681
Raúl;Martínez;41;raúl.martínez244@example.com;9611
Juan;Torres;78;juan.torres245@example.com;2826
Antonio;Flores;26;antonio.flores246@example.com;5246
Miguel;Martínez;35;miguel.martínez247@example.com;6928
Pedro;Hernández;76;pedro.hernández248@example.com;3930
Ana;Rodríguez;87;ana.rodríguez249@example.com;8644
Julian;Martínez;38;julian.martínez250@example.com;4616
Isabel;Rojas;24;isabel.rojas251@example.com;9819
Diego;Gonzalez;59;diego.gonzalez252@example.com;2938
Juan;Rojas;72;juan.rojas253@example.com;9602
Isabel;Romero;67;isabel.romero254@example.com;6092
Juan;Ortiz;37;juan.ortiz255@example.com;3046
Fernando;Vargas;87;fernando.vargas256@example.com;6363
Fernando;García;83;fernando.garcía257@example.com;9629
Ana;Castro;41;ana.castro258@example.com;4185
Julian;Rodríguez;42;julian.rodríguez259@example.com;4757
María;Flores;51;maría.flores260@example.com;4786
Isabel;Flores;52;isabel.flores261@example.com;8976
Antonio;García;99;antonio.garcía262@example.com;6615
Antonio;Ortiz;45;antonio.ortiz263@example.com;6120
Sofia;Flores;52;sofia.flores264@example.com;7796
Luis;Gonzalez;25;luis.gonzalez265@example.com;2754
Ana;Morales;72;ana.morales266@example.com;7945
Andrés;Ramírez;72;andrés.ramírez267@example.com;6642
Miguel;Flores;94;miguel.flores268@example.com;6631
Elena;Gonzalez;77;elena.gonzalez269@example.com;7504
Teresa;Gonzalez;66;teresa.gonzalez270@example.com;8426
Julian;García;35;julian.garcía271@example.com;5436
Isabel;Mendoza;63;isabel.mendoza272@example.com;1322
María;Torres;24;maría.torres273@example.com;2937
Juan;Ramírez;93;juan.ramírez274@example.com;5999
María;Torres;29;maría.torres275@example.com;1312
Juan;Flores;55;juan.flores276@example.com;3322
Juan;Ortiz;75;juan.ortiz277@example.com;8800
Pedro;Hernández;80;pedro.hernández278@example.com;4680
Isabel;Flores;31;isabel.flores279@example.com;8103
Luis;Mendoza;90;luis.mendoza280@example.com;8035
Luis;García;72;luis.garcía281@example.com;5445
María;Rodríguez;84;maría.rodríguez282@example.com;7239
Fernando;Vargas;65;fernando.vargas283@example.com;9894
Ana;Vargas;31;ana.vargas284@example.com;3851
Fernando;Pérez;43;fernando.pérez285@example.com;5855
María;Sánchez;25;maría.sánchez286@example.com;9980
Isabel;Romero;72;isabel.romero287@example.com;3383
Laura;Mendoza;29;laura.mendoza288@example.com;3295
Teresa;Gonzalez;29;teresa.gonzalez289@example.com;9033
Claudia;Vargas;38;claudia.vargas290@example.com;3164
Luis;Rodríguez;43;luis.rodríguez291@example.com;5825
Lucía;Romero;27;lucía.romero292@example.com;3300
Fernando;Hernández;22;fernando.hernández293@example.com;3629
Claudia;Martínez;59;claudia.martínez294@example.com;1800
Elena;Mendoza;70;elena.mendoza295@example.com;8842
Elena;Ortiz;57;elena.ortiz296@example.com;2060
Miguel;García;67;miguel.garcía297@example.com;5297
Luis;Ramírez;96;luis.ramírez298@example.com;9561
Elena;García;23;elena.garcía299@example.com;7718
Elena;Vargas;18;elena.vargas300@example.com;1225
